X,Y,OBJECTID,IDENTIFICA,TIPO,icon_url
-68.3881455013994,-33.5915405016244,"3",SET-VI-161,De Pozo,./0.png
-68.3929801212504,-33.6195659988362,"4",SET-VI-109,De Pozo,./0.png
-68.3956903504728,-33.5665392142023,"5",SET-VI-228,De Pozo,./0.png
-68.9104124439966,-33.270594067878,"6",SET-UG-28Bis,De Pozo,./0.png
-68.3824883626173,-33.5865440395684,"8",EM-VI-,De Maniobras,./0.png
-68.4017209058515,-33.5641351120648,"9",SET-VI-220,De Pozo,./0.png
-68.4487448075295,-33.5279782643065,"10",SET-VI-78,De Pozo,./0.png
-68.4287718133466,-33.5522326069425,"12",SET-VI-288,De Pozo,./0.png
-68.3893567468926,-33.5635175459558,"13",SET-VI-113,De Pozo,./0.png
-68.4561457837935,-33.5461888126429,"16",SET-VI-1072,De Pozo,./0.png
-68.4199101212945,-33.5500822923691,"17",SET-VI-03,De Pozo,./0.png
-68.4080705932051,-33.5762451898326,"18",SET-VI-232,De Pozo,./0.png
-68.4995931248834,-33.4835532834343,"22",SET-CD-88,De Pozo,./0.png
-68.7866206219553,-33.1400851119739,"24",SET-B-79,De Distribucion,./0.png
-68.42103910053,-33.5509222739365,"25",SET-VI-DEPOSITO,De Maniobras,./0.png
-68.4011812302499,-33.5983976448196,"26",SET-VI-1013,De Pozo,./0.png
-68.3991484351093,-33.5593832105799,"28",SET-VI-107,De Pozo,./0.png
-68.8101745936659,-33.0454469893658,"30",SET-ECP-104,De Distribucion,./0.png
-68.4319754522053,-33.5414571112284,"31",SET-VI-57,De Pozo,./0.png
-68.7797916612709,-33.1963774337649,"34",SET-B-31,De Distribucion,./0.png
-68.9012513500832,-33.2720084466173,"35",SET-UG-17,De Distribucion,./0.png
-68.8569230514841,-33.2757642032786,"36",SET-UG-11,De Distribucion,./0.png
-68.3970713032017,-33.5994064740031,"37",SET-VI-1066,De Pozo,./0.png
-68.4663014930483,-33.5436820107362,"38",SET-VI-1054,De Pozo,./0.png
-68.8845855340002,-33.4278418755206,"40",SET-DISTRO CUYO,Principal,./0.png
-68.3867781986893,-33.5779160806451,"41",SET-VI-1021,De Pozo,./0.png
-68.3450920168014,-33.595351028789,"45",SET-VI-215,De Pozo,./0.png
-68.4251074015187,-33.5503202622606,"51",SET-VI-44,De Pozo,./0.png
-68.7103504302865,-33.2584513613899,"53",SET-LC-30,De Distribucion,./0.png
-68.4389813330544,-33.5415429660337,"54",SET-VI-56,De Pozo,./0.png
-68.7710468192312,-33.2159333305501,"55",SET-B-444,De Distribucion,./0.png
-68.812256757289,-33.0575846833141,"57",EM-ECP-2,De Maniobras,./0.png
-68.5178588072653,-33.4823263253149,"62",SET-CD-,De Maniobras,./0.png
-68.4026206155418,-33.5692620279486,"65",SET-VI-1017,De Pozo,./0.png
-68.3918605196618,-33.57731889551,"66",SET-VI-137,De Pozo,./0.png
-68.7673302652722,-33.154831944162,"68",SET-B-N14,De Distribucion,./0.png
-68.4572163171393,-33.5508480092006,"71",SET-Vi-1081,De Pozo,./0.png
-68.41990322302,-33.5501800092411,"72",SET-VI-1003,De Pozo,./0.png
-68.4155534212486,-33.5457547053188,"74",SET-VI-169,De Pozo,./0.png
-68.3829683397123,-33.6332361264706,"75",SET-VI-193,De Pozo,./0.png
-68.465192670982,-33.5395484861871,"76",SET-VI-1058,De Pozo,./0.png
-68.7649121504305,-33.1571488400194,"77",SET-BV-,De Distribucion,./0.png
-68.7930334017741,-33.1558705476532,"80",SET-B-51B,De Distribucion,./0.png
-68.7924472231716,-33.1359758917872,"82",SET-B-81,De Distribucion,./0.png
-68.4008388189992,-33.5513767553854,"85",SET-VI-268,De Pozo,./0.png
-68.4827230621033,-33.5347225419669,"88",SET-Vi-1099,De Pozo,./0.png
-68.3961304847887,-33.5544483876509,"89",SET-VI-102,De Pozo,./0.png
-68.3797700879008,-33.6228289583244,"90",SET-VI-1003,De Pozo,./0.png
-68.4624687770154,-33.5512609828033,"92",SET-Vi-1079,De Pozo,./0.png
-68.4282268207114,-33.5460515876487,"94",SET-VI-49,De Pozo,./0.png
-68.3968573646067,-33.5450532716172,"96",SET-VI-54,De Pozo,./0.png
-68.8155775409915,-33.0547604877504,"97",SET-ECP-100,De Distribucion,./0.png
-68.3978598402731,-33.5776908806075,"98",SET-VI-136,De Pozo,./0.png
-68.9658982154082,-33.29831272899,"100",SET-UG-115,De Pozo,./0.png
-68.4733277523617,-33.537779059297,"101",SET-VI-1059,De Pozo,./0.png
-68.3864949693674,-33.5585071712292,"102",SET-VI-108,De Pozo,./0.png
-68.7134000668547,-33.2492968512902,"106",SET-LC-32,De Distribución,./0.png
-68.788076837366,-33.2021197896117,"107",SET-B-534,De Distribucion,./0.png
-68.7853597709588,-33.1799713997832,"108",SET-B-83,De Distribucion,./0.png
-68.4115361748098,-33.5559721256332,"109",SET-VI-276,De Pozo,./0.png
-68.7343356152516,-33.2243498728875,"113",SET-LC-67,De Distribucion,./0.png
-68.4695113762009,-33.5392858957091,"114",SET-Vi-1060,De Pozo,./0.png
-68.4053171790148,-33.5595811948472,"118",SET-VI-106,De Pozo,./0.png
-68.4088517285916,-33.5498049711833,"119",SET-VI-,De Pozo,./0.png
-68.7738177714759,-33.1883127054099,"121",SET-B-,De Distribucion,./0.png
-68.7651336330309,-33.1939032821807,"122",SET-B-521,De Distribucion,./0.png
-68.8003272028667,-33.0740736199825,"126",SET-ECP-66,De Distribucion,./0.png
-68.4058735706944,-33.5501105228573,"129",SET-VI-6,De Pozo,./0.png
-68.7649178249315,-33.175982262417,"130",SET-B-52,De Distribucion,./0.png
-68.426004288955,-33.5477169032009,"131",SET-VI-279,De Pozo,./0.png
-68.4322697192114,-33.5484783214741,"132",SET-VI-278,De Pozo,./0.png
-68.730289408828,-33.2232527645073,"133",SET-LC-67,De Distribucion,./0.png
-68.7732442692014,-33.1950925983572,"134",SET-B-446,De Distribucion,./0.png
-68.4049186551288,-33.5655652374604,"135",SET-VI-1,De Distribucion,./0.png
-68.777140372517,-33.1384350999303,"139",SET-B-09,De Distribucion,./0.png
-68.4138571149063,-33.5828199753948,"140",SET-VI-142,De Pozo,./0.png
-68.3854110379155,-33.5771402600629,"141",SET-VI-138,De Pozo,./0.png
-68.7715646649692,-33.2091660948315,"142",SET-B-N21,De Distribucion,./0.png
-68.9732542866366,-33.313638187182,"148",SET-U-21,De Distribucion,./0.png
-68.4017784813111,-33.5854498988161,"152",SET-VI-249,De Pozo,./0.png
-68.8517276740188,-33.2688453283512,"153",SET-UG-83,De Distribucion,./0.png
-68.406669012576,-33.6012237590695,"157",SET-VI-171,De Pozo,./0.png
-68.3970105812264,-33.5964439596176,"158",SET-VI-166,De Pozo,./0.png
-68.7649902000769,-33.159379176948,"162",SET-B-20,De Distribucion,./0.png
-68.3944517247075,-33.5735412183754,"164",SET-VI-222,De Pozo,./0.png
-68.4612436671404,-33.5540170267544,"165",SET-Vi-1084,De Pozo,./0.png
-68.4286820380365,-33.5607860575932,"166",Trafo Pozo YPF.Md.Vi1089,De Pozo,./0.png
-68.9096032713423,-33.2677859920463,"167",SET-UG-28,De Distribucion,./0.png
-68.4016226801828,-33.5885824958228,"170",SET-VI-245,De Pozo,./0.png
-68.3807657683515,-33.5917346452898,"173",SET-VI-28,De Pozo,./0.png
-68.4352130785449,-33.5365708873872,"174",SET-VI-63,De Pozo,./0.png
-68.4113844699375,-33.5620679908778,"176",SET-VI-277,De Pozo,./0.png
-68.7689933707088,-33.1972443699904,"177",SET-B-153,De Distribucion,./0.png
-68.7732984373615,-33.1388684617536,"178",SET-B-1B,De Distribucion,./0.png
-68.4085204813362,-33.5636943188322,"180",SET-VI-39,De Pozo,./0.png
-68.4251958310395,-33.5555937364195,"181",SET-VI-89,De Pozo,./0.png
-68.7754485811381,-33.2105903060934,"182",SET-B-516,De Distribucion,./0.png
-68.777474692791,-33.1418654251255,"187",SET-B-125,De Distribucion,./0.png
-68.7790677099947,-33.1924186627208,"189",SET-B-445,De Distribucion,./0.png
-68.7852100119262,-33.1300712899279,"190",SET-B-77,De Distribucion,./0.png
-68.8009913478666,-33.0685265823132,"191",SET-ECP-1,De Distribucion,./0.png
-68.4785951104451,-33.5354232582871,"192",SET-Vi-1087,De Pozo,./0.png
-68.7779314549415,-33.205241503626,"193",SET-B-448,De Distribucion,./0.png
-68.4172634748596,-33.545031713174,"194",SET-VI-EX-BAT-2,De Bateria,./0.png
-68.454708356525,-33.5439626285324,"195",SET-VI-1026,De Pozo,./0.png
-68.4124184510616,-33.5534424046432,"196",SET-VI-225,De Pozo,./0.png
-68.8201976949433,-33.0660848899442,"197",SET-ECP-39,De Distribucion,./0.png
-68.7975421164505,-33.081325708031,"198",SET-LUN-1,De Distribucion,./0.png
-68.4882249278864,-33.5490162685879,"199",SET-ViO.e-3,De Pozo,./0.png
-68.5061841683204,-33.4840232939906,"200",SET-CD-BAT-8,De Bateria,./0.png
-68.3818216682445,-33.6265300829367,"201",SET-VI-1009,De Distribucion,./0.png
-68.7926053306651,-33.1993320284303,"202",SET-B-523,De Distribucion,./0.png
-68.8052422862054,-33.0563718667948,"205",SET-ECP-118,De Distribucion,./0.png
-68.7171214155052,-33.250943241396,"209",SET-LC-18,De Distribución,./0.png
-68.4353461409036,-33.5490875569189,"211",SET-VI-1028,De Pozo,./0.png
-68.3935016837009,-33.5751239982217,"212",SET-VI-1022,De Pozo,./0.png
-68.4973359738196,-33.4878060433542,"213",SET-CD-,De Distribucion,./0.png
-68.4073794237902,-33.5827638086425,"214",SET-VI-143,De Pozo,./0.png
-68.8114882767083,-33.162195057968,"215",SET-B-531,De Distribucion,./0.png
-68.7296036059009,-33.2308224819985,"217",SET-LC-45,De Distribucion,./0.png
-68.4182371191512,-33.5557877426556,"220",SET-VI-272,De Pozo,./0.png
-68.4255165222385,-33.5410142469565,"221",SET-VI-10,De Pozo,./0.png
-68.9073367635819,-33.2782432014881,"222",SET-UG-9,De Bateria,./0.png
-68.7850072676741,-33.1161645523601,"223",SET-BN-,De Distribucion,./0.png
-68.7194561179139,-33.2571772963356,"224",SET-LC-18,De Distribucion,./0.png
-68.4761297834449,-33.5362241905774,"225",SET-Vi-1128,De Pozo,./0.png
-68.3754011300118,-33.5723709757465,"226",SET-Vi-130,De Pozo,./0.png
-68.4237877300923,-33.5459391021595,"227",SET-VI-50,De Pozo,./0.png
-68.4158955484498,-33.5362776102926,"228",SET-VI-66,De Pozo,./0.png
-68.7578265149304,-33.151476880794,"230",SET-B-108,De Distribucion,./0.png
-68.4476309823026,-33.5436566913629,"232",SET-VI-1027,De Pozo,./0.png
-68.3896388747933,-33.5542898641614,"233",SET-VI-103,De Pozo,./0.png
-68.3297114973885,-33.5986270899616,"234",SET-VI-217,De Pozo,./0.png
-68.7101905697474,-33.2630790441046,"237",ET-LC-35,Principal,./0.png
-68.4254178587338,-33.5537906604007,"239",SET-BAT-VI-7,De Bateria,./0.png
-68.9292262006601,-33.2943946195733,"240",SET-UG-,De Pozo,./0.png
-68.4178451495598,-33.5753444526077,"241",SET-VI-241,De Pozo,./0.png
-68.7749466153868,-33.1748796864034,"242",SET-B-552(d),De Pozo,./0.png
-68.7188698517412,-33.2449567181521,"245",SET-LC-28,De Distribucion,./0.png
-68.7945061299084,-33.1685935242961,"246",SET-B-N46,De Distribucion,./0.png
-68.386105333832,-33.6381581802051,"248",SET-VI-210,De Pozo,./0.png
-68.4733101743156,-33.5499709282211,"250",SET-Vi-1125,De Pozo,./0.png
-68.40873837284,-33.5571665617408,"251",SET-VI-227,De Pozo,./0.png
-68.4954356122126,-33.5399038336398,"253",SET-ViO-20,De Pozo,./0.png
-68.7040287602971,-33.2879524996741,"254",SET-RT-1,De Bateria,./0.png
-68.783619617929,-33.1323423056455,"256",SET-B-,De Distribucion,./0.png
-68.819792429715,-33.2788955472121,"257",SET-UG-13,De Pozo,./0.png
-68.4035532964802,-33.5967260020653,"259",SET-VI-165,De Pozo,./0.png
-68.4266703724267,-33.5438830044655,"260",SET-VI-285,De Pozo,./0.png
-68.8545104876039,-33.2853463993067,"261",SET-UG-15,De Distribucion,./0.png
-68.7275486878906,-33.2359105635061,"263",SET-LC-24,De Distribucion,./0.png
-68.7566714157296,-33.213554592796,"268",SET-B-447,De Distribucion,./0.png
-68.3952462627065,-33.5633339765225,"269",SET-VI-19,De Pozo,./0.png
-68.3893506181082,-33.624272414295,"273",SET-VI-204,De Pozo,./0.png
-68.8489203874339,-33.2645645103337,"275",SET-UG-10,De Distribucion,./0.png
-68.7713084457455,-33.1386222985679,"277",SET-B-,De Distribucion,./0.png
-68.4271172053109,-33.5701899737214,"278",SET-Vi-1135,De Pozo,./0.png
-68.8111604007822,-33.0510444870274,"282",SET-ECP-3,De Distribucion,./0.png
-68.7817237524198,-33.1169976077487,"285",SET-BN-15,De Distribucion,./0.png
-68.5149588003458,-33.4988074853371,"286",SET-CD-BAT-9,De Bateria,./0.png
-68.7695498140283,-33.1315898522299,"287",SET-B-,De Distribucion,./0.png
-68.8028353617428,-33.1783853409655,"288",SET-B-530,De Distribucion,./0.png
-68.4083858715035,-33.5676475948357,"291",SET-VI-270,De Pozo,./0.png
-68.7966231654187,-33.0874987927119,"293",SET-ECP-8,De Distribucion,./0.png
-68.7689351808609,-33.1426353292432,"294",SET-B-05,De Distribucion,./0.png
-68.4244117653524,-33.5689247368029,"300",SET-VI-118,De Pozo,./0.png
-68.4648326217117,-33.5526876407919,"302",SET-VI-1078,De Pozo,./0.png
-68.4099555957709,-33.5877136025856,"303",SET-VI-149,De Pozo,./0.png
-68.7813950440292,-33.139846830551,"304",SET-B-522,De Distribucion,./0.png
-68.4049338669933,-33.580827923503,"305",SET-VI-242,De Pozo,./0.png
-68.7222390734435,-33.263534907692,"306",SET-LC-27,De Distribución,./0.png
-68.3891837816156,-33.5748511642287,"310",Trafo Pozo YPF.Md.Vi1065,De Pozo,./0.png
-68.4940535895726,-33.5474592498653,"313",SET-ViO-11,De Pozo,./0.png
-68.3892820032738,-33.5871283426403,"315",SET-VI-BAT-5,De Bateria,./0.png
-68.7803860995735,-33.1304435396674,"317",SET-B-03,De Distribucion,./0.png
-68.3884333456099,-33.6276147537215,"318",SET-LJ-1,De Pozo,./0.png
-68.3965624638621,-33.5514958202992,"319",SET-VI-PC-15,De Pozo,./0.png
-68.4111261488513,-33.5688729531324,"322",SET-VI-119,De Pozo,./0.png
-68.7733795109853,-33.1425010883362,"323",SET-B-111,De Distribucion,./0.png
-68.3259395588928,-33.5961291755765,"324",SET-Vi-218,De Pozo,./0.png
-68.3922808028855,-33.5680076982981,"326",SET-VI-122,De Pozo,./0.png
-68.4959822027212,-33.48515327866,"327",SET-CD-89,De Pozo,./0.png
-68.3860498033297,-33.6207002715163,"328",SET-VI-200,De Pozo,./0.png
-68.3837652398403,-33.6097375429049,"330",SET-VI-1068,De Pozo,./0.png
-68.4105771137249,-33.596887235413,"332",SET-VI-34,De Pozo,./0.png
-68.4866092608904,-33.5402571333197,"333",SET-ViO.e-4,De Pozo,./0.png
-68.4084895590492,-33.5735732224992,"334",SET-VI-126,De Pozo,./0.png
-68.3989974054178,-33.5739463087052,"335",SET-VI-1023,De Pozo,./0.png
-68.37927814776,-33.6401596749686,"336",SET-LJ-6,De Pozo,./0.png
-68.4129655824638,-33.5402476982589,"337",SET-VI-11,De Pozo,./0.png
-68.3955699793451,-33.5731090081168,"339",SET-VI-1027,De Pozo,./0.png
-68.8006924267978,-33.1088198018207,"340",SET-B-2L,De Distribucion,./0.png
-68.9660313358135,-33.3067192732193,"346",SET-U-20,De Bateria,./0.png
-68.4283263737518,-33.5484845559049,"347",SET-VI-281,De Pozo,./0.png
-68.7881454017058,-33.0412676720469,"348",SET-B-104,De Distribucion,./0.png
-68.7760749255237,-33.1412877411092,"350",SET-B-123,De Distribucion,./0.png
-68.3974180791214,-33.5914669096552,"352",SET-VI-,De Pozo,./0.png
-68.4176732271383,-33.5780773896113,"355",SET-VI-134,De Pozo,./0.png
-68.4690245274613,-33.5539448700641,"356",SET-Vi-1082,De Pozo,./0.png
-68.3988531410028,-33.5717560166595,"357",SET-VI-BAT-4,De Bateria,./0.png
-68.5121003736109,-33.4792987327661,"358",SET-VI-1007,Principal,./0.png
-68.7809293176103,-33.183195068581,"359",SET-B-84,De Distribucion,./0.png
-68.335843274652,-33.5980811747358,"360",SET-VI-233,De Pozo,./0.png
-68.7892388305515,-33.118350619042,"361",SET-B-90,De Distribucion,./0.png
-68.3938183785338,-33.6166175052401,"365",SET-VI-240,De Pozo,./0.png
-68.7582752449613,-33.2078483963615,"371",SET-B-517,De Distribucion,./0.png
-68.3663242609094,-33.5669878841177,"372",SET-VI-25,De Pozo,./0.png
-68.4053908408901,-33.5620885534719,"373",SET-VI-229,De Pozo,./0.png
-68.4031037058725,-33.5452730704935,"376",SET-VI-53,De Pozo,./0.png
-68.4029009924033,-33.5592491639239,"377",SET-VI-BAT-3,De Bateria,./0.png
-68.7295070053237,-33.2168874509381,"378",SET-LC-64,De Distribucion,./0.png
-68.8072921329926,-33.0657676521452,"379",SET-B-149,De Distribucion,./0.png
-68.3842596392259,-33.6292983207425,"380",SET-VI-243,De Pozo,./0.png
-68.7850459514534,-33.179171874315,"381",SET-B-82,De Distribucion,./0.png
-68.4722193081143,-33.5409215802119,"382",SET-Vi-1061,De Pozo,./0.png
-68.3415889959766,-33.5972561570849,"384",SET-VI-237,De Pozo,./0.png
-68.4013239039132,-33.5950813056494,"385",SET-VI-250,De Pozo,./0.png
-68.4518115831536,-33.5473619454184,"386",SET-Vi-1071,De Pozo,./0.png
-68.3787715679727,-33.5812607638987,"388",SET-VI-1016,De Pozo,./0.png
-68.3818827094746,-33.5817555809192,"389",SET-VI-146,De Pozo,./0.png
-68.7716322959472,-33.1589691480425,"390",SET-B-11,De Distribucion,./0.png
-68.3900694892928,-33.6143710030618,"392",SET-VI-1003,De Distribucion,./0.png
-68.3771214407596,-33.624265774343,"393",SET-VI-205,De Pozo,./0.png
-68.4040462339463,-33.6006711139654,"394",SET-VI-251,De Pozo,./0.png
-68.4089854805284,-33.5607249723875,"395",SET-VI-271,De Pozo,./0.png
-68.4024054822179,-33.5639362684092,"401",SET-VI-114,De Pozo,./0.png
-68.8062516499087,-33.0661234782835,"402",SET-ECP-N36,De Distribucion,./0.png
-68.7630310240559,-33.1610719860941,"403",SET-B-56,De Distribucion,./0.png
-68.9074950879848,-33.279634304082,"404",SET-UG-7,De Bateria,./0.png
-68.3990122372065,-33.5613818225504,"407",SET-VI-230,De Pozo,./0.png
-68.7571619818979,-33.2058318585109,"409",SET-B-N22,De Distribucion,./0.png
-68.377620948335,-33.6146329972812,"410",SET-VI-190,De Pozo,./0.png
-68.3860801562678,-33.5747076180106,"411",SET-Vi-1064,De Pozo,./0.png
-68.4023556039814,-33.5795963059974,"412",SET-VI-1007,De Pozo,./0.png
-68.785422056344,-33.1125474776719,"413",SET-B-69,De Distribucion,./0.png
-68.7723856305863,-33.1498695481118,"416",SET-B-501,De Distribucion,./0.png
-68.3976162119143,-33.6052113669953,"421",SET-VI-PUESTO,De Pozo,./0.png
-68.3888387919009,-33.6166912711644,"422",SET-LJ-14,De Pozo,./0.png
-68.4047428419851,-33.5650082487646,"425",SET-VI-261,De Pozo,./0.png
-68.3995336745515,-33.6107469643328,"426",SET-VI-185,De Pozo,./0.png
-68.3887101446079,-33.5986325025236,"427",Trafo Pozo YPF.Md.Vi1067,De Pozo,./0.png
-68.3915146870277,-33.5870455428808,"429",SET-VI-151,De Pozo,./0.png
-68.79781351998,-33.1616111706428,"430",SET-B-43,De Distribucion,./0.png
-68.457771860948,-33.5482533256726,"431",SET-VI-1073,De Pozo,./0.png
-68.402131815918,-33.560625958026,"432",SET-VI-273,De Pozo,./0.png
-68.3917188890235,-33.6131124987179,"435",SET-VI-231,De Pozo,./0.png
-68.7798607605814,-33.1945719440373,"440",SET-B-,De Distribucion,./0.png
-68.763120363413,-33.1584963841995,"442",SET-B-104,De Distribucion,./0.png
-68.380884160813,-33.6099552892009,"444",SET-VI-188,De Pozo,./0.png
-68.4172820178515,-33.5614990155492,"445",SET-VI-1008,De Pozo,./0.png
-68.4866737652865,-33.5346746627007,"446",SET-Vi.a-1088,De Pozo,./0.png
-68.7686656708453,-33.2035917272684,"447",SET-B-511,De Distribucion,./0.png
-68.4046437080538,-33.5776874039501,"448",SET-VI-135,De Pozo,./0.png
-68.7744512948747,-33.2047147302381,"449",SET-B-,De Distribucion,./0.png
-68.9597105509201,-33.3152064151735,"452",SET-UG-23,De Distribucion,./0.png
-68.7871401720151,-33.1767399298527,"453",SET-B-50B,De Distribucion,./0.png
-68.7637587769508,-33.21256530721,"454",SET-B-518,De Distribucion,./0.png
-68.478408191146,-33.5473167964237,"455",SET-Vi-1121,De Pozo,./0.png
-68.7974952721927,-33.0749301216483,"456",SET-ECP-N33,De Distribucion,./0.png
-68.8159144880122,-33.0690017574594,"457",SET-ECP-38,De Distribucion,./0.png
-68.4116286686597,-33.5595241534299,"459",SET-VI-14,De Pozo,./0.png
-68.8139470747608,-33.0472408548091,"463",SET-ECP-PS728,De Distribucion,./0.png
-68.7691219900305,-33.1996349551153,"464",SET-B-48B,De Distribucion,./0.png
-68.3966175553078,-33.5575108289886,"465",SET-VI-1004,De Pozo,./0.png
-68.4186284668268,-33.5504854362807,"466",SET-VI-1005,De Bateria,./0.png
-68.4019865891615,-33.5547533980945,"467",SET-VI-1006,De Pozo,./0.png
-68.4310930851018,-33.5597494166336,"469",SET-VI-110,De Pozo,./0.png
-68.4320804273179,-33.5506015501616,"470",SET-VI-5,De Pozo,./0.png
-68.3993899586364,-33.5646439765808,"472",SET-VI-1005,De Pozo,./0.png
-68.4650500055729,-33.5572308561729,"474",SET-Vi-1083,De Pozo,./0.png
-68.4189428845043,-33.5548051669974,"475",SET-VI-ANTENA,De Pozo,./0.png
-68.843349389383,-33.2719887175406,"476",SET-UG-1,De Distribucion,./0.png
-68.3967010574155,-33.5475176372912,"477",SET-Vi-IP5,De Pozo,./0.png
-68.4038992757171,-33.5912598737056,"480",SET-VI-1024,De Pozo,./0.png
-68.3818898152203,-33.5875359134387,"481",SET-VI-,De Pozo,./0.png
-68.50063871889,-33.4951314803997,"482",SET-PIA-5,De Bateria,./0.png
-68.7807734712813,-33.1725688864455,"483",SET-B-12,De Distribucion,./0.png
-68.406540167125,-33.5795937594664,"484",SET-VI-248,De Pozo,./0.png
-68.3985709624854,-33.5800701377642,"485",SET-VI-246,De Pozo,./0.png
-68.7791341729431,-33.1497304272414,"486",SET-B-551,De Distribucion,./0.png
-68.3935364832121,-33.5497180790358,"487",SET-VI-8,De Pozo,./0.png
-68.418854041828,-33.5526543674262,"488",SET-VI-224,De Pozo,./0.png
-68.395001153697,-33.5635009947695,"489",SET-VI-221,De Pozo,./0.png
-68.4005963459344,-33.6015412830462,"490",SET-VI-172,De Pozo,./0.png
-68.3381538114373,-33.5956117872543,"492",SET-VI-216,De Pozo,./0.png
-68.7590753323352,-33.1865493817757,"495",SET-B-54,De Distribucion,./0.png
-68.770631437468,-33.2094593952138,"496",SET-B-,De Distribucion,./0.png
-68.7670857301028,-33.219884779167,"498",SET-B-,De Distribucion,./0.png
-68.3899178784518,-33.5691568271419,"503",SET-Vi-1045,De Pozo,./0.png
-68.7733427642673,-33.1332978173659,"504",SET-B-,De Distribucion,./0.png
-68.3947590526191,-33.5565272816902,"505",SET-VI-274,De Pozo,./0.png
-68.8102510706033,-33.0663438981474,"506",SET-ECP-N41,De Distribucion,./0.png
-68.4047745868313,-33.5658406604709,"507",SET-VI-,De Distribucion,./0.png
-68.7837320525326,-33.1222729349631,"510",SET-B-74,De Distribucion,./0.png
-68.4514661517711,-33.5322941318788,"511",SET-VI-,De Pozo,./0.png
-68.4783085383707,-33.5327997704817,"512",SET-Vi-1086,De Pozo,./0.png
-68.8075719351409,-33.1759464058866,"513",SET-B-514,De Distribucion,./0.png
-68.4758679367713,-33.5515090265367,"515",SET-Via-1100,De Pozo,./0.png
-68.7677317166645,-33.1905555879798,"517",SET-B-,De Distribucion,./0.png
-68.7973993261085,-33.0700564886925,"519",SET-ECP-N29,De Distribucion,./0.png
-68.7851959929901,-33.1798389996823,"522",SET-B-423,De Distribucion,./0.png
-68.4279463128874,-33.5553908555188,"523",SET-VI-87,De Pozo,./0.png
-68.8050762644173,-33.0695537672419,"524",SET-ECP-96,De Distribucion,./0.png
-68.4100355992329,-33.5467473540602,"526",SET-VI-265,De Pozo,./0.png
-68.409408612798,-33.5456540892843,"527",SET-VI-52,De Pozo,./0.png
-68.404012371914,-33.5947711263756,"530",SET-VI-236,De Pozo,./0.png
-68.7753842766097,-33.1385808668733,"533",SET-B-139,De Distribucion,./0.png
-68.380083611606,-33.5585398803087,"535",SET-VI-43,De Pozo,./0.png
-68.4245246378692,-33.5528827186445,"537",SET-VI-223,De Pozo,./0.png
-68.7726817580211,-33.1797540510534,"540",SET-B-13,De Distribucion,./0.png
-68.8000501898491,-33.0782783943039,"541",SET-ECP-47,De Distribucion,./0.png
-68.4110056254023,-33.57793876629,"542",SET-VI-23,De Pozo,./0.png
-68.7935402775515,-33.1361286044517,"545",SET-BN-73,De Distribucion,./0.png
-68.3946612389594,-33.5826182593664,"546",SET-VI-41,De Pozo,./0.png
-68.4692985474999,-33.5425162870551,"547",SET-VI-1057,De Pozo,./0.png
-68.7714256380831,-33.1477210455516,"548",SET-B-27,De Distribucion,./0.png
-68.7992810563906,-33.1573938120398,"550",SET-B-,De Distribucion,./0.png
-68.8492971351987,-33.2740565171949,"551",SET-UG-14,De Distribucion,./0.png
-68.804978286044,-33.0705019994742,"552",SET-ECP-7,De Distribucion,./0.png
-68.8045596530305,-33.0766712836391,"553",SET-ECP-N38,De Distribucion,./0.png
-68.7860210546534,-33.1696952399333,"554",SET-B-555,De Pozo,./0.png
-68.7668273742044,-33.19153560619,"555",SET-B-N25,De Distribucion,./0.png
-68.4092267897961,-33.554885350137,"556",SET-VI-100,De Pozo,./0.png
-68.4087645589678,-33.5636907425534,"557",SET-VI-219,De Pozo,./0.png
-68.3718503381074,-33.5827231510448,"558",SET-Vi-1091,De Pozo,./0.png
-68.790097716365,-33.1741069338695,"559",SET-B-N44,De Distribucion,./0.png
-68.7962573902395,-33.189480836427,"560",SET-B-449,De Distribucion,./0.png
-68.8108923938874,-33.0537784677512,"561",SET-ECP-102,De Distribucion,./0.png
-68.3967772343247,-33.6122617060151,"563",SET-VI-252,De Pozo,./0.png
-68.4155590506976,-33.5574492624533,"564",SET-VI-226,De Pozo,./0.png
-68.3782600986544,-33.5831649409591,"565",SET-VI-1030,De Pozo,./0.png
-68.4188095328455,-33.5689424834402,"568",SET-VI-13,De Pozo,./0.png
-68.4516980516886,-33.5416774649504,"569",SET-VI-133,De Pozo,./0.png
-68.752952892952,-33.1979437063581,"570",SET-B-528,De Distribucion,./0.png
-68.7644140520325,-33.1359681741949,"571",SET-B-04,De Distribucion,./0.png
-68.4027926631488,-33.5666327745429,"572",SET-VI-1009,De Pozo,./0.png
-68.4181005856817,-33.5597496830978,"574",SET-VI-105,De Pozo,./0.png
-68.7926588495357,-33.1327649172534,"576",SET-B-78,De Distribucion,./0.png
-68.6968062500806,-33.2799545530618,"577",EM-RT-,De Maniobras,./0.png
-68.3873899213084,-33.610408890287,"578",SET-VI-187,De Pozo,./0.png
-68.4686895481675,-33.5348471129361,"579",SET-VI-TRACING,De Pozo,./0.png
-68.7522313418014,-33.1848248933077,"581",SET-B-519,De Distribucion,./0.png
-68.4155052700155,-33.5545719221635,"584",SET-VI-99,De Pozo,./0.png
-68.4086675595271,-33.5473140491295,"586",SET-VI-,De Pozo,./0.png
-68.4524647204598,-33.5498403050232,"588",SET-Via-1080,De Pozo,./0.png
-68.7684745672548,-33.2139004687077,"589",SET-B-,De Distribucion,./0.png
-68.4154587832267,-33.5619749433821,"591",SET-VI-256,De Pozo,./0.png
-68.7932538891192,-33.0790417468744,"592",SET-ECP-N40,De Distribucion,./0.png
-68.4733106859082,-33.534922870899,"593",SET-VI-1076,De Pozo,./0.png
-68.9058729169921,-33.2854515183535,"594",SET-UG-16,De Pozo,./0.png
-68.4011658707899,-33.5761723037248,"598",SET-VI-1019,De Pozo,./0.png
-68.4028621202503,-33.554463315057,"600",SET-VI-101,De Pozo,./0.png
-68.7884340859695,-33.1457175336812,"602",SET-B-80,De Distribucion,./0.png
-68.7818424074329,-33.1814429730035,"605",SET-B-81,De Distribucion,./0.png
-68.3877794167444,-33.6009307656945,"606",SET-VI-32,De Pozo,./0.png
-68.7612320873016,-33.2028784023003,"608",SET-B-S/N,De Distribucion,./0.png
-68.7661528058617,-33.1436122070772,"609",SET-B-62,De Distribucion,./0.png
-68.5140714615764,-33.4885294426998,"610",SET-CD-,De Maniobras,./0.png
-68.430859728553,-33.5431963062176,"612",SET-VI-287,De Pozo,./0.png
-68.4148128744371,-33.5481297094585,"613",SET-VI-1006,De Bateria,./0.png
-68.7272156833554,-33.2219680085329,"615",SET-LC-63,De Distribucion,./0.png
-68.7992282666005,-33.0643398101513,"616",SET-ECP-N34,De Distribucion,./0.png
-68.7491317341458,-33.1907498234167,"619",SET-B-542,De Distribucion,./0.png
-68.3763827634455,-33.5811500814316,"620",SET-VI-24,De Pozo,./0.png
-68.7163828659273,-33.2499347597998,"622",SET-LC-18,De Distribución,./0.png
-68.3887514477343,-33.5730881070261,"624",SET-VI-1022,De Pozo,./0.png
-68.3982409321846,-33.5684035951762,"625",SET-VI-121,De Pozo,./0.png
-68.7658179058871,-33.1511230277365,"627",SET-B-06,De Distribucion,./0.png
-68.3905906062907,-33.5963631522878,"628",SET-VI-167,De Pozo,./0.png
-68.3929669494366,-33.5756428270165,"629",SET-VI-1002,De Distribucion,./0.png
-68.3828111379887,-33.6365504184569,"632",SET-VI-244,De Pozo,./0.png
-68.3954311360101,-33.5701102996854,"634",SET-VI-1025,De Pozo,./0.png
-68.4815667335043,-33.5374206141575,"635",SET-Vi-1133,De Pozo,./0.png
-68.4148051046653,-33.5515085246377,"637",SET-VI-280,De Pozo,./0.png
-68.7878612564869,-33.158831063825,"638",SET-B-58,De Distribucion,./0.png
-68.397037807142,-33.6055442919413,"639",SET-VI-180,De Pozo,./0.png
-68.7528606864636,-33.1968950886637,"640",SET-B-N23,De Distribucion,./0.png
-68.7699670173511,-33.1692692936362,"641",SET-B-82,De Distribucion,./0.png
-68.4061600262762,-33.5555092624585,"643",SET-VI-275,De Pozo,./0.png
-68.4040415307619,-33.5870531705716,"645",SET-VI-29,De Pozo,./0.png
-68.4041655343178,-33.5469723887111,"646",SET-VI-266,De Pozo,./0.png
-68.7103518845935,-33.2627129976091,"648",SET-LC-35,De Maniobras,./0.png
-68.4599816762273,-33.507242048634,"650",SET-VI-P-CONTROL,De Pozo,./0.png
-68.4195157684638,-33.5408553164001,"653",SET-VI-58,De Pozo,./0.png
-68.7529856775059,-33.1931330365865,"654",SET-B-S/N,De Distribucion,./0.png
-68.7825354889374,-33.1526185361012,"655",SET-B-85,De Distribucion,./0.png
-68.8017319580757,-33.1519698461884,"656",SET-B-,De Distribucion,./0.png
-68.810332579185,-33.0709781125988,"657",SET-ECP-49,De Distribucion,./0.png
-68.3903933788503,-33.6059676505665,"658",SET-VI-181,De Pozo,./0.png
-68.4181346890643,-33.5471788574201,"660",SET-VI-264,De Pozo,./0.png
-68.4212338169761,-33.543180934353,"661",SET-VI-286,De Pozo,./0.png
-68.7984933836535,-33.1865653308575,"663",SET-B-,De Distribucion,./0.png
-68.8197637590468,-33.0849433129349,"665",SET-ECP-91,De Distribucion,./0.png
-68.9644740683356,-33.2998475722094,"666",SET-UG-19,De Distribucion,./0.png
-68.4207802029931,-33.5738889311657,"668",SET-VI-124,De Pozo,./0.png
-68.779311984315,-33.1746624063769,"669",SET-B-553,De Pozo,./0.png
-68.5062270915698,-33.4841421327523,"671",SET-CD-BAT-8,De Maniobras,./0.png
-68.7739215946302,-33.1544769142861,"672",SET-B-10,De Distribucion,./0.png
-68.4213782474687,-33.5578951272175,"673",SET-VI-258,De Pozo,./0.png
-68.4047457291337,-33.5755506842083,"677",SET-VI-1015,De Pozo,./0.png
-68.482302613625,-33.5502113908459,"678",SET-Vi-1108,De Pozo,./0.png
-68.3957890883236,-33.5599362386573,"679",SET-VI-284,De Pozo,./0.png
-68.8038422934383,-33.0563591776373,"680",SET-ECP-103,De Distribucion,./0.png
-68.7198876741207,-33.2989370936634,"682",CENTRAL CARRIZAL,Principal,./0.png
-68.4237237491769,-33.5487747492168,"683",SET-VI-282,De Pozo,./0.png
-68.7796012846652,-33.1461440259259,"684",SET-B-83,De Distribucion,./0.png
-68.3963544156842,-33.6149722190298,"687",SET-VI-189,De Pozo,./0.png
-68.7864525269895,-33.1946949611678,"688",SET-B-S/N,De Distribucion,./0.png
-68.7194561179139,-33.2571772963356,"691",SET-LC-18,De Distribución,./0.png
-68.4010633604021,-33.5919523055995,"694",SET-VI-159,De Pozo,./0.png
-68.4046994933567,-33.5684374951081,"695",SET-VI-120,De Pozo,./0.png
-68.3791528707495,-33.5772723515659,"696",SET-VI-139,De Pozo,./0.png
-68.4107535840518,-33.5455406592979,"697",SET-VI-1004,De Distribucion,./0.png
-68.4070107935234,-33.5919629023329,"698",SET-VI-158,De Pozo,./0.png
-68.3993333138131,-33.5498739470244,"699",SET-VI-46,De Pozo,./0.png
-68.3995161013251,-33.5559627838146,"701",SET-VI-283,De Pozo,./0.png
-68.3943180982332,-33.6012937705012,"702",SET-VI-173,De Pozo,./0.png
-68.3827600491185,-33.6427710383758,"703",SET-VI-194,De Pozo,./0.png
-68.8163308193758,-33.0721797365653,"705",SET-ECP-N6,De Distribucion,./0.png
-68.7991018221962,-33.1427565727398,"707",SET-B-532,De Distribucion,./0.png
-68.3312780343925,-33.5965924639009,"708",SET-VI-217,De Pozo,./0.png
-68.3820379340282,-33.57864751161,"709",SET-VI-257,De Pozo,./0.png
-68.8106413424622,-33.1272304055467,"710",SET-B-515,De Distribucion,./0.png
-68.7631306706626,-33.2156891812863,"711",SET-B-N20,De Distribucion,./0.png
-68.7268123840295,-33.2253614475322,"712",SET-LC-61,De Distribución,./0.png
-68.7203623336801,-33.2600845756287,"715",SET-LC-65,De Distribucion,./0.png
-68.7736934311062,-33.1545468170365,"717",SET-B-49,De Distribucion,./0.png
-68.439195097403,-33.5319057683801,"720",SET-VI-72,De Pozo,./0.png
-68.7664158156196,-33.1593579291607,"723",SET-BV-72,De Distribucion,./0.png
-68.410086391842,-33.5702802426683,"725",SET-VI-1018,De Pozo,./0.png
-68.421734916253,-33.5523822554153,"726",SET-VI-290,De Pozo,./0.png
-68.3979789541091,-33.5869440353363,"727",SET-VI-150,De Pozo,./0.png
-68.7974100123521,-33.1529321643902,"731",SET-B-,De Distribucion,./0.png
-68.4146666230971,-33.5640224966008,"732",SET-VI-113,De Pozo,./0.png
-68.3949017238804,-33.5791955445455,"735",SET-VI-255,De Pozo,./0.png
-68.4352065692247,-33.5463773569745,"736",SET-VI-48,De Pozo,./0.png
-68.4317266372937,-33.5545429697033,"738",SET-VI-260,De Pozo,./0.png
-68.4876327929234,-33.5446383874287,"739",SET-ViO.a-6,De Pozo,./0.png
-68.4216516248848,-33.5547110144088,"740",SET-VI-98,De Pozo,./0.png
-68.7969161608926,-33.1954681536948,"742",SET-B-512,De Distribucion,./0.png
-68.4930149945399,-33.542483656561,"744",SET-ViO-9,De Pozo,./0.png
-68.412462168658,-33.5501688128448,"745",SET-VI-45,De Pozo,./0.png
-68.4131613835617,-33.5915439653653,"748",SET-VI-157,De Pozo,./0.png
-68.4049774617054,-33.5721834743236,"749",SET-VI-235,De Pozo,./0.png
-68.4227011624749,-33.557571904611,"751",SET-VI-1001,De Distribucion,./0.png
